api ID, api name
1000, 123看房
1001, 139邮箱
1002, 17k小说
1003, 233.0
1004, 263展视互动
1005, 360-AR
1006, 360-IoT
1007, 360-分析
1008, 360-安全
1009, 360-广告
1010, 360-性能监控
1011, 360-推送
1012, 360-支付
1013, 360-文档服务
1014, 360-新闻资讯
1015, 360-登录分享
1016, 360-网络摄像头
1017, 360-联运
1018, 360-身份认证
1019, 4399.0
1020, 51tracking
1021, 58同城-VR
1022, 58同城-分析
1023, 58同城-安全
1024, 58同城-实时通信
1025, 58同城-推送
1026, 58同城-支付
1027, 58同城-登录分享
1028, 58同城-直播
1029, 58同城-身份认证
1030, 58同城-音视频
1031, 95分
1032, a+
1033, abctime
1034, acrcloud
1035, adbright
1036, adhub
1037, adklein
1038, admobile
1039, adobe
1040, adroi广告
1041, adscope
1042, adtracking
1043, adview第三方聚合广告
1044, agc崩溃服务
1045, agoo
1046, aisound
1047, amazon aws
1048, amazon mobile analytics
1049, amplitude
1050, antifake
1051, anychat
1052, anyrtc
1053, apex全埋点
1054, apex弹窗
1055, apiName
1056, apminsight
1057, apollo
1058, appcenter
1059, appic
1060, apple-推送
1061, apple-支付
1062, apple-登录分享
1063, applog
1064, applovin
1065, appsflyer
1066, app开店
1067, ar看车
1068, ar试妆
1069, asmplugin
1070, audi在线保养预约提醒
1071, avoscloud
1072, beacon
1073, beecloud
1074, bee语音
1075, beizi
1076, bfd数据埋点
1077, bilibili
1078, bmob
1079, bonree
1080, bop
1081, boss直聘
1082, boss面霸
1083, braintree
1084, branch.io
1085, bshare
1086, bugly
1087, bugsnag
1088, bugtags
1089, buriedpoint
1090, ccbbank
1091, ccvideo
1092, cfca
1093, cfca-设备标识
1094, cfmmc
1095, chivox驰声
1096, classroom
1097, cloudroom
1098, cmi
1099, cobub
1100, codepush
1101, cosmos-实时通信
1102, cosmos-性能监控
1103, cosmos-推送
1104, cosmos-音视频
1105, countly
1106, crasheye
1107, crashlytics
1108, crashu-apm
1109, ctp采集
1110, d0/t1收款
1111, datafinder
1112, datavisorapp安全防护
1113, dcloud-分析
1114, dcloud-小程序
1115, dcloud-广告
1116, dcloud-性能监控
1117, dcloud-推送
1118, dcloud-登录分享
1119, dlshare
1120, donews广告
1121, dpush
1122, dueros
1123, dumixar
1124, dxmpay_bankpay
1125, dynatrace
1126, easemob
1127, easyar sense
1128, easyprotector
1129, eauth
1130, ea推送
1131, eid云识读
1132, emarsyspredict
1133, essc电子社保卡
1134, expressplay（drm）
1135, eyecool人脸识别
1136, e_cc_
1137, e政通-证照
1138, e签宝
1139, fabric
1140, face++
1141, facebook
1142, faceunity
1143, fido指纹识别
1144, finger
1145, fitbit
1146, flurry
1147, gem
1148, getsentry
1149, gme语音服务
1150, gobelive
1151, goeasy.io客服
1152, goeasy推送
1153, google-AI
1154, google-AR
1155, google-下载
1156, google-分析
1157, google-图像处理
1158, google-地图
1159, google-安全
1160, google-实时通信
1161, google-广告
1162, google-性能监控
1163, google-推荐
1164, google-推送
1165, google-支付
1166, google-更新
1167, google-登录分享
1168, google-网页浏览
1169, google-链接跳转
1170, google-音视频
1171, gromore
1172, growingio
1173, gtimg网
1174, gvoice
1175, happydns
1176, harmonyosconnect
1177, hci语音识别
1178, hcm嗨普同意管理
1179, heimdallr
1180, helpdesklite
1181, hermeseventbus
1182, hicar
1183, hipee绑定
1184, hl.qa
1185, hoge统计
1186, hsiflymsc
1187, httpdns
1188, hubbledata
1189, hundsun
1190, hyphenate-chat
1191, iap支付
1192, ibanimatable
1193, idgate软令牌
1194, idlface
1195, ifaa指纹
1196, infodata
1197, inmobi
1198, insight
1199, instabug
1200, instargam分享
1201, intercom
1202, ironsource
1203, ispeech
1204, jmlink
1205, jumio识别
1206, kiwiguard终端威胁感知
1207, kkpay支付
1208, koom
1209, koo分期
1210, kpush
1211, ksylive
1212, leancloud-存储
1213, leancloud-实时通信
1214, leancloud-推送
1215, lenovo-opendeviceid
1216, leto游戏
1217, line
1218, linkaccount
1219, linkedme
1220, linkface
1221, live800
1222, lockty
1223, lokhttp3
1224, lottery
1225, mapbox
1226, matomo
1227, matrix
1228, maxmind
1229, mdns
1230, meglivestill活体检测
1231, memobird打印机
1232, messaging
1233, mgfacelivestill
1234, microsoftgraph
1235, miitmdid
1236, miitmdid  
1237, mimo广告
1238, mintegral
1239, miui+接力
1240, mixpanel
1241, mma
1242, mna
1243, mobtech-分析
1244, mobtech-反作弊
1245, mobtech-地图
1246, mobtech-广告
1247, mobtech-性能监控
1248, mobtech-推送
1249, mobtech-登录分享
1250, mobtech-短信
1251, mobtech-身份认证
1252, mobtech-链接跳转
1253, mobvoi
1254, mopub
1255, mpaas
1256, mpaas推送
1257, msa
1258, nama
1259, navinfo
1260, newrelic
1261, ni惠赚
1262, oaid
1263, oauth
1264, ocr
1265, oneapm
1266, onedrive
1267, onelogin
1268, onetrack
1269, oneway广告
1270, onfido
1271, openinstall
1272, openudid
1273, oppo-IoT
1274, oppo-分析
1275, oppo-广告
1276, oppo-推送
1277, oppo-支付
1278, oppo-登录分享
1279, oppo-联运
1280, oppo-购物
1281, ostar
1282, paddle
1283, pano
1284, parkopedia
1285, pavcspeech
1286, paypal
1287, payssion
1288, pcdn
1289, pdf格式转换
1290, pdragon
1291, perimeterx
1292, phonenumber-l-auth
1293, ping++
1294, piwik（matomo）
1295, placed
1296, polyv-直播
1297, polyv-音视频
1298, pp视频
1299, qdas
1300, qpush
1301, questmobile
1302, quicktracking
1303, ras系统加固
1304, razor
1305, rds
1306, reachmax
1307, realtek绑定
1308, rfid无线射频
1309, rim
1310, riskifiedmobile
1311, robust
1312, saas_appanalytics_android__v4.0.27
1313, sealtalk
1314, seamless
1315, sendgrid
1316, senseocr文字识别
1317, sentry
1318, shareinstall
1319, sharetrace
1320, shareui
1321, sigmob
1322, signature
1323, simplybrand
1324, smantifraud
1325, smartisanpush（锤子推送）
1326, sofire
1327, sparta
1328, spa广告素材图片
1329, strava
1330, stripe
1331, sudmgp
1332, sugo
1333, sunflower
1334, superpowered
1335, swiftystorekit
1336, talapm
1337, talk99
1338, talkingdata
1339, taptap
1340, taurus广告
1341, tchat视频
1342, tcl
1343, td埋点
1344, teiol8
1345, tess-two
1346, thinking analytics
1347, thinkive
1348, tifancy
1349, tiny
1350, tinypinyin
1351, tkcloud
1352, tmo识图批改
1353, topon
1354, tracker
1355, tradplus
1356, trainingpeaks
1357, travelx
1358, trs
1359, tss
1360, tvbus
1361, twilio
1362, twitter
1363, txbobu
1364, tyrz.framework
1365, ubix广告
1366, udesk
1367, ugc短视频
1368, uniplay广告
1369, unishare
1370, unity广告服务
1371, up小游戏
1372, u聚合
1373, v5客服
1374, vcode
1375, ve
1376, vhall消息服务
1377, vhall直播
1378, video++
1379, vidyo视频
1380, vip体检服务
1381, vivo-分析
1382, vivo-广告
1383, vivo-推送
1384, vivo-支付
1385, vivo-登录分享
1386, vivo-联运
1387, vuforia
1388, vungle
1389, webrtc
1390, webtrends
1391, whatsapp分享
1392, windvane
1393, workgroup 
1394, worldpaycse
1395, wps
1396, xinstall
1397, xmpp
1398, xms-wearable-lib
1399, xp2p
1400, youtube-登录分享
1401, youtube-直播
1402, yunmall
1403, zego
1404, zendesk
1405, zoom
1406, 一喂
1407, 一恰客服
1408, 一洽客服
1409, 一点资讯
1410, 一砂一键登录
1411, 一网通
1412, 一网通支付
1413, 一览视频
1414, 一账通
1415, 七巧板
1416, 七牛-DNS
1417, 七牛-下载
1418, 七牛-分析
1419, 七牛-存储
1420, 七牛-实时通信
1421, 七牛-客服
1422, 七牛-推送
1423, 七牛-登录分享
1424, 七牛-直播
1425, 七牛-笔记
1426, 七牛-网络加速
1427, 七牛-身份认证
1428, 七牛-音视频
1429, 七陌
1430, 万卡
1431, 万和证券自助开户网厅
1432, 万唯
1433, 万唯广告
1434, 万得资讯
1435, 万汇
1436, 万维
1437, 万裕
1438, 三体云
1439, 三体连麦
1440, 三星
1441, 三网手机实名制认证
1442, 上上签
1443, 上报征信
1444, 上海ca
1445, 上海企创
1446, 上海佳投
1447, 上海倍业
1448, 上海博泰悦臻
1449, 上海幻文信息
1450, 上海新萌网络科技有限公司
1451, 上海普麦信息
1452, 上海智合
1453, 上海智子
1454, 上海期货交易所
1455, 上海汉涛信息咨询有限公司
1456, 上海法率信息
1457, 上海浦东发展银行有限公司
1458, 上海湛乘
1459, 上海犀鑫
1460, 上海禾赞网络科技有限公司
1461, 上海移卓网络
1462, 上海联道
1463, 上海聚告德
1464, 上海脉芽网络科技有限公司
1465, 上海腾徽软件科技有限公司
1466, 上海财焱
1467, 上海锚匠
1468, 上海鹏逸电子商务
1469, 上海鹰角
1470, 上海麦晗
1471, 上甲科技
1472, 上网加速器
1473, 上证
1474, 上证云level2行情
1475, 上证云level3行情
1476, 东京认证
1477, 东方财富网
1478, 个人蓝牙网盾
1479, 个像
1480, 个推
1481, 个数应用统计
1482, 个金
1483, 个验一键登录
1484, 中交兴路
1485, 中信优享
1486, 中信支付
1487, 中关互动
1488, 中华医学会指南
1489, 中台
1490, 中台统计
1491, 中国人民财产保险股份有限公司杭州市分公司
1492, 中国人民银行
1493, 中国保险行业协会
1494, 中国期货市场监控中心
1495, 中国民生银行
1496, 中国移动
1497, 中国邮政速递
1498, 中国银行
1499, 中广协caa
1500, 中登数字证书
1501, 中盾安信
1502, 中证
1503, 中证易签
1504, 中通天鸿
1505, 中金gwms
1506, 中金支付
1507, 中青旅耀悦
1508, 乐信
1509, 乐卡
1510, 乐变
1511, 乐开蓝牙开门
1512, 乐心
1513, 乐播
1514, 乐橙
1515, 乐琪
1516, 乐福
1517, 乐行平衡车服务
1518, 乐见极速版
1519, 乐视支付
1520, 乐视电视
1521, 乐逗广告
1522, 乐飞思美
1523, 九吨广告
1524, 九吨广告服务
1525, 九吨统计分析服务
1526, 九游-推送
1527, 九游-支付
1528, 九游-登录分享
1529, 云下
1530, 云从
1531, 云剑卫士
1532, 云南云行豆经济信息咨询有限公司
1533, 云屋
1534, 云帆
1535, 云康宝体脂秤
1536, 云开户
1537, 云政通
1538, 云智慧
1539, 云校服务
1540, 云毅网络双录
1541, 云涛
1542, 云片
1543, 云盾实人认证
1544, 云知声
1545, 云知声口语评测
1546, 云码
1547, 云米电视
1548, 云脉
1549, 云蜻广告
1550, 云视讯
1551, 云软客服
1552, 云集分期
1553, 互联互通统一
1554, 互联网+可信身份认证
1555, 互联网报警110
1556, 五信云
1557, 交通部
1558, 交通部位置信息插件2.0
1559, 交通部网络货运信息交互系统
1560, 交通银行
1561, 京东-AI
1562, 京东-IoT
1563, 京东-分析
1564, 京东-安全
1565, 京东-广告
1566, 京东-性能监控
1567, 京东-推送
1568, 京东-支付
1569, 京东-登录分享
1570, 京东-直播
1571, 京东-设备标识
1572, 京东-购物
1573, 京东-金融
1574, 京东-链接跳转
1575, 京东-音视频
1576, 京准通广告
1577, 人教点读
1578, 人机验证
1579, 亿兴云
1580, 亿典广告
1581, 亿积分
1582, 亿美
1583, 今日投资
1584, 代销保险
1585, 令牌云
1586, 众安
1587, 众盟
1588, 众简
1589, 优分
1590, 优品行情
1591, 优酷
1592, 传化支付
1593, 传阅
1594, 体脂秤
1595, 佰锐-实时通信
1596, 佰锐-音视频
1597, 佳信客服
1598, 佳投
1599, 依图
1600, 保利威视-直播
1601, 保利威视-音视频
1602, 信手书签名
1603, 信用卡支付stripe
1604, 倍业广告
1605, 倍泰
1606, 健康云
1607, 健康有益
1608, 充电地图
1609, 充电墙盒安装
1610, 充电站/桩展示——地理位置
1611, 兆量广告
1612, 先声
1613, 光信基金会
1614, 光大云生活
1615, 光大云缴费
1616, 兑吧
1617, 兔小巢
1618, 全国社保卡服务平台
1619, 全民付
1620, 八分仪
1621, 八方有礼
1622, 公会管理服务
1623, 公共缴费
1624, 公安一所
1625, 公安三所
1626, 公安部信息系统安全三级等保认证
1627, 兴业数金人脸识别
1628, 兴业银行
1629, 兴趣知识网站服务器
1630, 农业银行
1631, 冲牙器
1632, 凌志推送
1633, 凡泰
1634, 凡闻
1635, 凯立德地图
1636, 凯路水控
1637, 分享
1638, 分期乐
1639, 创瑞短信推送
1640, 创略
1641, 创维盒子
1642, 创蓝
1643, 创见zj
1644, 利农商城
1645, 刷脸付
1646, 力谱宿云
1647, 加和
1648, 动图宇宙
1649, 动心广告
1650, 努比亚
1651, 北京ca电子签名
1652, 北京一点网聚
1653, 北京一笑科技
1654, 北京一览科技有限公司
1655, 北京万裕久鑫科技有限公司
1656, 北京三快科技有限公司
1657, 北京中关村科金技术有限公司
1658, 北京中润
1659, 北京乐飞思美传媒科技有限公司
1660, 北京云中融信网络科技有限公司
1661, 北京云蜻
1662, 北京五八
1663, 北京先声教育科技有限公司
1664, 北京光年无限科技有限公司
1665, 北京刷新无限
1666, 北京北大方正电子有限公司
1667, 北京博源亿联
1668, 北京吆喝科技有限公司
1669, 北京哆唻科技有限公司
1670, 北京国双科技有限公司
1671, 北京国都互联科技有限公司
1672, 北京地铁
1673, 北京天威诚信电子商务服务有限公司
1674, 北京微网通联股份有限公司
1675, 北京微聚智汇科技有限公司
1676, 北京微聚未来科技有限公司
1677, 北京数字精准广告有限公司
1678, 北京数字认证
1679, 北京新氧科技有限公司
1680, 北京智慧易
1681, 北京智者天下
1682, 北京格瑞创新
1683, 北京泛为信息科技有限公司
1684, 北京深演智能
1685, 北京联动在线通讯
1686, 北京艾涞博移动互联科技有限公司
1687, 北京豆萌
1688, 北京金易木
1689, 北京鑫物
1690, 北京锐动天地信息技术有限公司
1691, 北京魔力日升科技信息科技有限公司
1692, 北京龙威互动
1693, 北界无限
1694, 区块链存证签名
1695, 医仁心
1696, 医信
1697, 医网信
1698, 医联
1699, 千学
1700, 千帆
1701, 千石互动广告
1702, 华为-AI
1703, 华为-IoT
1704, 华为-OCR
1705, 华为-健康
1706, 华为-分析
1707, 华为-反作弊
1708, 华为-地图
1709, 华为-存储
1710, 华为-安全
1711, 华为-实时通信
1712, 华为-广告
1713, 华为-性能监控
1714, 华为-推送
1715, 华为-支付
1716, 华为-更新
1717, 华为-汽车交通
1718, 华为-游戏
1719, 华为-登录分享
1720, 华为-短信
1721, 华为-网络摄像头
1722, 华为-翻译
1723, 华为-联运
1724, 华为-语音识别
1725, 华为-购物
1726, 华为-身份认证
1727, 华为-运动
1728, 华为-音视频
1729, 华付
1730, 华创
1731, 华数智家
1732, 华栖云科技有限公司
1733, 华米运动
1734, 卓信
1735, 卓塔
1736, 南京银行
1737, 南方新闻网
1738, 南研数据统计
1739, 南研用户中心
1740, 博士通
1741, 博泰
1742, 博瑞
1743, 博睿
1744, 博联
1745, 卡多宝声波开门
1746, 卡多宝蓝牙开门
1747, 卫士通第三方加密
1748, 印象笔记
1749, 即插即用
1750, 即构
1751, 厦门国际银行兴安贷
1752, 厦门市图睿信息科技有限公司
1753, 厦门市民卡人脸认证
1754, 厦门搜谷信息科技有限公司
1755, 去哪儿
1756, 又拍云
1757, 友兔视频
1758, 友盟-AI
1759, 友盟-DNS
1760, 友盟-内容服务
1761, 友盟-出行
1762, 友盟-分析
1763, 友盟-反作弊
1764, 友盟-反馈
1765, 友盟-地图
1766, 友盟-存储
1767, 友盟-安全
1768, 友盟-实时通信
1769, 友盟-广告
1770, 友盟-性能监控
1771, 友盟-推荐
1772, 友盟-推送
1773, 友盟-支付
1774, 友盟-文档服务
1775, 友盟-登录分享
1776, 友盟-设备标识
1777, 友盟-身份认证
1778, 友盟-金融
1779, 友盟-链接跳转
1780, 反劫持
1781, 反欺诈风险验证
1782, 反欺诈（羊毛盾）
1783, 变现猫
1784, 口袋打印机
1785, 口语先声
1786, 可信扫脸 
1787, 可信身份认证
1788, 号码速验
1789, 吆喝
1790, 合从
1791, 合力亿捷
1792, 合合ocr
1793, 合泰广告
1794, 合肥国业
1795, 合肥地铁
1796, 合肥宸业
1797, 合肥星爵
1798, 同源发布
1799, 同盾
1800, 同花顺推送
1801, 同花顺智能客服
1802, 同花顺登录
1803, 同花顺语音合成
1804, 同花顺语音识别
1805, 向往音乐
1806, 听云
1807, 吸面游戏
1808, 和包支付
1809, 和多号
1810, 和彩云
1811, 和缓视频
1812, 和通讯录
1813, 和风天气
1814, 咪咕支付
1815, 咪咕视频
1816, 咪咕音乐
1817, 咿啦看书
1818, 品友
1819, 哈雷下载
1820, 唐桥视频
1821, 唯品会
1822, 唱吧
1823, 啄木鸟
1824, 商汤-OCR
1825, 商汤-分析
1826, 商汤-图像处理
1827, 商汤-广告
1828, 商汤-美颜
1829, 商汤-身份认证
1830, 商汤-音视频
1831, 善融商务
1832, 喜玛拉雅
1833, 喜马拉雅
1834, 嗡营
1835, 嗨量
1836, 嘻趣
1837, 四川封面传媒
1838, 团油
1839, 国双
1840, 国密
1841, 国寿联盟
1842, 国政通人脸识别
1843, 国民认证
1844, 国盾云（北京）信息技术有限公司
1845, 图灵
1846, 图灵盾
1847, 图睿
1848, 坚果推送
1849, 埃文
1850, 城市互通
1851, 城轨易行
1852, 塔肯
1853, 墨宇科技
1854, 墨迹天气
1855, 声动兔
1856, 声纹识别
1857, 声网
1858, 声连码
1859, 声通
1860, 声音锁
1861, 壹佰米
1862, 壹点灵
1863, 外研点读
1864, 多多云
1865, 多多进宝
1866, 多普勒胎儿监护仪
1867, 多游
1868, 多源认证
1869, 多牛广告
1870, 多视角直播
1871, 多贝云直播平台
1872, 多量
1873, 够快云库
1874, 大华监控
1875, 大华设备网络
1876, 大卫兵（出行守护）
1877, 大同
1878, 大希
1879, 大拿摄像头
1880, 大数据
1881, 大文件切片
1882, 大汉三通
1883, 大王卡
1884, 大疆
1885, 大白认证
1886, 大象能力平台_统一认证
1887, 大都会
1888, 大陆蓝牙钥匙
1889, 天一账号登录
1890, 天地聚合全国违章直连查询
1891, 天地融ukey
1892, 天天周末
1893, 天威
1894, 天御文本内容安全t-sec
1895, 天气121
1896, 天津五八到家生活服务
1897, 天津再言佳成
1898, 天津小屋信息科技有限公司
1899, 天津快友世纪科技有限公司
1900, 天津思盟互动
1901, 天津星罗云布科技有限公司
1902, 天津智融创新科技发展有限公司
1903, 天津浩睿
1904, 天津浩睿信息科技有限公司
1905, 天津银海金医宝支付
1906, 天润融通
1907, 天猫
1908, 天目统计
1909, 天眼
1910, 天眼查
1911, 天聚地合（苏州）数据股份有限公司
1912, 天融信vpn
1913, 天风证券
1914, 太虚ar
1915, 央视国际网络有限公司
1916, 头条-AI
1917, 头条-分析
1918, 头条-广告
1919, 头条-推荐
1920, 头条-新闻资讯
1921, 头条-登录分享
1922, 奇付通
1923, 契约锁
1924, 奥格广告
1925, 奥迪中国
1926, 好借
1927, 好单库
1928, 好孕妈广告服务
1929, 好未来
1930, 好游快爆
1931, 好车主carplugin  
1932, 妙佳数据（标准版）
1933, 妙健康智能硬件
1934, 妥妥递
1935, 威富通支付
1936, 威尔云游戏
1937, 娜迦
1938, 娜迦反调试 
1939, 子午线
1940, 字节-分析
1941, 字节-广告
1942, 字节-性能监控
1943, 字节-推送
1944, 字节-登录分享
1945, 字节-美颜
1946, 字节-身份认证
1947, 字节-音视频
1948, 学点云直播
1949, 学谷智能人脸识别
1950, 安全移动联盟
1951, 安全认证
1952, 安天av
1953, 安徽创瑞信息技术有限公司
1954, 安徽省政务服务平台-互联网用户统一身份认证接入
1955, 安心加
1956, 安心加云对讲
1957, 安心家蓝牙开门
1958, 安证通
1959, 宜享传屏
1960, 宜搜-推送
1961, 宜搜-支付
1962, 宜搜-登录分享
1963, 宜签人脸
1964, 宝付
1965, 客户行为探针
1966, 富友分账
1967, 富友支付
1968, 小京鱼开放服务scm
1969, 小天才账号登录
1970, 小度
1971, 小度带屏音响
1972, 小桔科技
1973, 小浦支付
1974, 小满
1975, 小熊直播
1976, 小爱带屏音响
1977, 小牛互娱
1978, 小米-分析
1979, 小米-存储
1980, 小米-实时通信
1981, 小米-广告
1982, 小米-推送
1983, 小米-支付
1984, 小米-更新
1985, 小米-登录分享
1986, 小米-联运
1987, 小米-购物
1988, 小能
1989, 小萝卜头
1990, 小视活体认证
1991, 小象智能存钱罐配网 
1992, 小额账户开户
1993, 小马立行api
1994, 小鱼易连
1995, 小鲸鱼
1996, 小鹅通
1997, 尼尔森
1998, 居民身份证网上功能凭证
1999, 山西人社厅
2000, 岳鹰
2001, 工商银行-支付
2002, 工商银行-身份认证
2003, 工猫
2004, 左唐广告
2005, 巨玩
2006, 巨量-下载
2007, 巨量-分析
2008, 巨量-广告
2009, 幂动广告
2010, 幕享
2011, 平安-分析
2012, 平安-安全
2013, 平安-客服
2014, 平安-小程序
2015, 平安-推送
2016, 平安-支付
2017, 平安-汽车交通
2018, 平安-登录分享
2019, 平安-直播
2020, 平安-语音识别
2021, 平安-身份认证
2022, 平安-金融
2023, 广东互联网报警
2024, 广东省人民政府办公厅
2025, 广佛nfc充值
2026, 广发银行信用卡办理
2027, 广发银行信用贷
2028, 广州四叶文化传播有限公司
2029, 广州地铁
2030, 广州市动景计算机科技有限公司
2031, 广州市比目网络科技有限公司
2032, 广州市蜂擎信息科技有限公司的“好单库变现”
2033, 广州梦享网络
2034, 广州汇世信息科技有限公司
2035, 广州环睿
2036, 广州益起
2037, 广州睿搜信息科技有限公司
2038, 广州触文
2039, 广汽本田汽车有限公司
2040, 广泽之行科技
2041, 广点通
2042, 广电钱包
2043, 庆科绑定
2044, 应用宝-推送
2045, 应用宝-支付
2046, 应用宝-登录分享
2047, 应用赚（鱼丸盒子）
2048, 店长直聘
2049, 度小满
2050, 度小满ocr
2051, 度小满账户
2052, 度小满钱包
2053, 座舱控制（cabincontrol）
2054, 康佳电视
2055, 建信金融科技有限责任公司北京开发中心
2056, 建信金融科技有限责任公司广州开发中心
2057, 建设银行
2058, 开利财经
2059, 开屏广告
2060, 开户云
2061, 开普云
2062, 开蒙体脂秤
2063, 异地乘车
2064, 弘顺广告
2065, 张家口垃圾缴费
2066, 归因分析
2067, 当贝支付
2068, 彩云天气
2069, 彭博
2070, 得到（天津）文化传播有限公司
2071, 得意声纹
2072, 得物apm平台
2073, 得物热修复框架
2074, 得物设备指纹
2075, 微众人脸核实
2076, 微众理财
2077, 微众认证
2078, 微众银行
2079, 微保
2080, 微医im
2081, 微医登录
2082, 微吼直播
2083, 微圣
2084, 微店账号
2085, 微方程
2086, 微模式
2087, 微盟
2088, 微站
2089, 微粒贷服务
2090, 微网
2091, 微聚未来
2092, 微车
2093, 微软-性能监控
2094, 微软-文档服务
2095, 微软-热修复
2096, 微软-翻译
2097, 微软-语音合成
2098, 必要鸿源（北京）科技有限公司
2099, 快乐通宝
2100, 快商通客服
2101, 快手
2102, 快捷通
2103, 快直播
2104, 快证通
2105, 快递100
2106, 快递鸟
2107, 快递鸟物流查询
2108, 快钱支付
2109, 态势感知
2110, 思图ocr
2111, 思图场景活体检测
2112, 思必驰
2113, 思拓cmstop
2114, 思盟互动
2115, 思盟广告
2116, 思迪
2117, 思迪信息框架
2118, 思迪开户
2119, 思迪数字证书
2120, 思迪视频认证
2121, 恒宝蓝牙
2122, 恒生-金融
2123, 恒生-音视频
2124, 恒生人脸识别
2125, 恒生客服
2126, 恒银蓝牙盾
2127, 悠易互通（北京）广告有限公司
2128, 悬壶
2129, 惠每智能问诊系统
2130, 愉悦广告
2131, 愉悦推
2132, 慧眼个人信息验证
2133, 懒人听书
2134, 懒人福利社
2135, 成都地铁
2136, 成都金铠甲
2137, 扇贝
2138, 手机盾
2139, 执尺
2140, 扫呗
2141, 技云帆加速科技
2142, 抖音
2143, 拉卡拉支付
2144, 拉风
2145, 拍卡
2146, 拓幻美颜
2147, 拓普软件开发工具包
2148, 拓课云
2149, 招商银行
2150, 拼多多-广告
2151, 拼多多-登录分享
2152, 拼多多-购物
2153, 拼多多-链接跳转
2154, 指南针 
2155, 挖财基金
2156, 捷安征信实名认证
2157, 捷银国际旅行社（上海）
2158, 掌上无限广告
2159, 掌阅
2160, 掌骏传媒
2161, 探数
2162, 推啊
2163, 插码
2164, 握奇蓝牙盾
2165, 搜狐-内容服务
2166, 搜狐-地图
2167, 搜狐-广告
2168, 搜狐-性能监控
2169, 搜狐-登录分享
2170, 搜狐-网络诊断
2171, 搜狐-音视频
2172, 搜狗-地图
2173, 搜狗-广告
2174, 搜狗-翻译
2175, 搜狗-语音合成
2176, 搜狗-语音识别
2177, 携程
2178, 摩宝支付
2179, 播客cc
2180, 数位
2181, 数典ut
2182, 数字医信
2183, 数字联盟
2184, 数据宝人脸识别
2185, 数据宝实名认证
2186, 数数科技
2187, 数果统计
2188, 数爆应用统计
2189, 数理人脸识别
2190, 数米短信
2191, 数美
2192, 文通ocr
2193, 斗鱼推流
2194, 斗鱼登录
2195, 斯巴达
2196, 斯巴达 
2197, 斯炅
2198, 新义广告
2199, 新华智云埋点统计
2200, 新大陆星pos收银
2201, 新浪
2202, 无界
2203, 日照支付
2204, 日照电子钱包
2205, 旷视
2206, 昇辉蓝牙开门
2207, 明略
2208, 易付宝支付
2209, 易信
2210, 易信分享
2211, 易分析
2212, 易增长
2213, 易复诊
2214, 易宝支付
2215, 易有料
2216, 易汇众盟
2217, 易泊
2218, 易盛
2219, 易盛 
2220, 易私募
2221, 易签宝电子签名
2222, 易联支付
2223, 易观
2224, 易谷
2225, 易道
2226, 普强语音播报 
2227, 智友
2228, 智尚
2229, 智聆
2230, 智能3d机器人
2231, 智齿
2232, 有料信息流
2233, 有盾
2234, 有赞
2235, 有道
2236, 朗动
2237, 期货交易
2238, 期货开户
2239, 期货开户 
2240, 期货开户（开户云）
2241, 期货日报网api
2242, 期货柜台系统
2243, 期货模拟交易
2244, 期货监控中心
2245, 期货穿透式监管
2246, 本机号码校验
2247, 机构预约开户/融资融券预约开户
2248, 杉德支付
2249, 李妈咪女性网
2250, 李征（鱼骨铮铮）
2251, 来康体脂秤
2252, 杭州云毅网络科技有限公司
2253, 杭州壹恩数字
2254, 杭州天谷信息科技有限公司
2255, 杭州天音计算机系统工程有限公司
2256, 杭州小满信息科技有限公司
2257, 杭州尚尚签网络科技有限公司
2258, 杭州市民卡
2259, 杭州念响科技有限公司
2260, 杭州易有料
2261, 杭州肯菲
2262, 杭州视在科技有限公司
2263, 杭州视杏科技有限公司
2264, 杭州轻山科技有限公司
2265, 杭州闪电玩网络科技有限公司
2266, 极光-AI
2267, 极光-分析
2268, 极光-反作弊
2269, 极光-地图
2270, 极光-实时通信
2271, 极光-客服
2272, 极光-广告
2273, 极光-性能监控
2274, 极光-推送
2275, 极光-登录分享
2276, 极光-短信
2277, 极光-网页浏览
2278, 极光-身份认证
2279, 极光-链接跳转
2280, 极意行为验证
2281, 极氪订阅
2282, 极米投影
2283, 极豆科技
2284, 极速借钱
2285, 极验
2286, 林肯聚合广告
2287, 枫岚互联平台
2288, 栎樾-上海浪皓科技
2289, 株洲互联网政务服务四级联动系统建设项目电子印章
2290, 格尔ca证书
2291, 梆梆
2292, 梦工厂
2293, 梦工厂游戏
2294, 梦网
2295, 欢拓直播
2296, 欢网支付
2297, 欢聚时代
2298, 欢聚直播
2299, 步步高支付
2300, 步步高登录
2301, 武汉创业元投资管理有限公司
2302, 武汉安天信息技术有限责任公司
2303, 每日互动
2304, 每日互动数据收集
2305, 每日互动股份有限公司
2306, 每日优鲜
2307, 比目云
2308, 比目短信
2309, 民生
2310, 永中office
2311, 永中pdf查看器
2312, 永中优云
2313, 汇付
2314, 汇法正信
2315, 汇量
2316, 汉王ocr
2317, 江苏一卡通
2318, 沃莱蓝牙
2319, 沙发支付
2320, 河马支付
2321, 法大大
2322, 波普广告
2323, 泰致德科技发展（深圳）
2324, 洞见
2325, 洞见ar
2326, 活动盒子
2327, 派金引擎
2328, 流利说
2329, 济南道芬
2330, 浙江贰贰网络有限公司
2331, 浦发银行
2332, 浩瀚
2333, 浩物
2334, 海信电视支付
2335, 海度数据分析
2336, 海康
2337, 海洋纪元
2338, 海狐
2339, 海鑫
2340, 海马云
2341, 涂图
2342, 涂鸦
2343, 润霖
2344, 淘点
2345, 深传oss
2346, 深信服vpn
2347, 深圳市完鼎智能科技有限公司
2348, 深圳市微付充科技有限公司
2349, 深圳市气象局
2350, 深圳市陆金互联网
2351, 深圳市雪球科技有限公司
2352, 深圳时分秒
2353, 深圳易加油信息科技有限公司
2354, 深圳本地宝
2355, 深圳睿点星链
2356, 深圳蓝蛙
2357, 深圳证券
2358, 深知
2359, 清场
2360, 清流鼎点
2361, 渤海银行
2362, 温州地铁
2363, 游可赢
2364, 游密语音识别
2365, 游戏盾
2366, 游易广告
2367, 湖南快乐阳光互动娱乐传媒有限公司
2368, 湛乘
2369, 滨海农商
2370, 滴滴
2371, 滴滴出行
2372, 潘多拉runtime封装
2373, 澎博
2374, 澳门通
2375, 火山-AB测试
2376, 火山-AI
2377, 火山-分析
2378, 火山-图像处理
2379, 火山-安全
2380, 火山-性能监控
2381, 火山-热修复
2382, 火山-直播
2383, 火山-美颜
2384, 火山-音视频
2385, 火眼广告
2386, 灯塔
2387, 灵云-客服
2388, 灵云-手写识别
2389, 灵云-语音识别
2390, 灵肯广告平台（bloomad）
2391, 炬焰
2392, 炬焰增长营销
2393, 炬焰短视频
2394, 点众
2395, 点聚
2396, 热云
2397, 焦作市财政局
2398, 熊猫速汇
2399, 熵湾小程序
2400, 爱加密
2401, 爱加密-安全加固和环境清场
2402, 爱加密加固
2403, 爱加密加密
2404, 爱加密安全
2405, 爱加密安全软键盘
2406, 爱加密安全键盘
2407, 爱加密清场
2408, 爱奇艺
2409, 爱心推
2410, 爱联绑定
2411, 爱跑腿
2412, 牛数数据
2413, 物联智慧
2414, 狐友
2415, 猎图一键登录
2416, 猎豹
2417, 猎鹰广告
2418, 猫眼
2419, 猫眼广告
2420, 猫簿支付
2421, 玄吉
2422, 玄武
2423, 王卡用户身份识别
2424, 玩美
2425, 环信-IoT
2426, 环信-分析
2427, 环信-实时通信
2428, 环信-客服
2429, 环信-推送
2430, 环信-支付
2431, 环信-登录分享
2432, 环信-身份认证
2433, 现在支付
2434, 珊瑚
2435, 珊瑚积分
2436, 珠海海鸟科技有限公司
2437, 琳竹新
2438, 瑞为摄像头
2439, 瑞安迅科广告
2440, 瑞数
2441, 瑞狮
2442, 申米广告
2443, 电信
2444, 电子合同
2445, 电子社保卡
2446, 电话伴侣
2447, 畅天游一键登录
2448, 畅客
2449, 畅言
2450, 畅言云评
2451, 畅言评论
2452, 留资
2453, 番茄小说
2454, 白山云对象存储
2455, 白骑士设备指纹
2456, 百分点
2457, 百分点数据采集
2458, 百家云
2459, 百度-AI
2460, 百度-AR
2461, 百度-IoT
2462, 百度-OCR
2463, 百度-健康
2464, 百度-内容审核
2465, 百度-内容服务
2466, 百度-分析
2467, 百度-反作弊
2468, 百度-图像处理
2469, 百度-地图
2470, 百度-存储
2471, 百度-安全
2472, 百度-客服
2473, 百度-小程序
2474, 百度-广告
2475, 百度-性能监控
2476, 百度-推送
2477, 百度-支付
2478, 百度-文档服务
2479, 百度-新闻资讯
2480, 百度-更新
2481, 百度-登录分享
2482, 百度-直播
2483, 百度-网络加速
2484, 百度-网页浏览
2485, 百度-翻译
2486, 百度-联运
2487, 百度-语音合成
2488, 百度-语音识别
2489, 百度-购物
2490, 百度-身份认证
2491, 百度-通用识别
2492, 百度-金融
2493, 百度-音视频
2494, 百悟一键登录
2495, 百融
2496, 皮卡抠图
2497, 益玩-推送
2498, 益玩-支付
2499, 益玩-登录分享
2500, 盘古云
2501, 盛天统计
2502, 目睹直播
2503, 直销eid
2504, 相芯
2505, 省平台网络货运
2506, 省钱助手
2507, 看云
2508, 看穿式信息采集
2509, 看穿式监管
2510, 眼神人脸识别
2511, 瞩目视频会议
2512, 知乎
2513, 知晓云存储
2514, 神奇保服务
2515, 神策
2516, 神蓍
2517, 福昕
2518, 福特中国api
2519, 福码
2520, 禾赞广告
2521, 秒针
2522, 秒验
2523, 稿定
2524, 空中网
2525, 穿山甲
2526, 穿山甲广告
2527, 穿透式监管
2528, 立即付款
2529, 站长统计
2530, 第一创业证券
2531, 第三方广告监测mma
2532, 第四范式
2533, 简米ping
2534, 米大师
2535, 米派广告mediaprime
2536, 米盟
2537, 米聊
2538, 粤省事小程序
2539, 精臣打印
2540, 索尼电视
2541, 紫光
2542, 红旗智行
2543, 红豆直播播放器
2544, 给乐
2545, 统一认证
2546, 绩牛
2547, 维快
2548, 网宿云存储
2549, 网宿加速
2550, 网德
2551, 网易-OCR
2552, 网易-内容审核
2553, 网易-内容服务
2554, 网易-分析
2555, 网易-反作弊
2556, 网易-地图
2557, 网易-存储
2558, 网易-安全
2559, 网易-实时通信
2560, 网易-客服
2561, 网易-广告
2562, 网易-性能监控
2563, 网易-推送
2564, 网易-支付
2565, 网易-新闻资讯
2566, 网易-游戏
2567, 网易-登录分享
2568, 网易-直播
2569, 网易-翻译
2570, 网易-语音识别
2571, 网易-身份认证
2572, 网易-音乐
2573, 网易-音视频
2574, 网证
2575, 美团
2576, 美团logan
2577, 美团热更新
2578, 美图美颜
2579, 美恰客服
2580, 美摄
2581, 美数广告
2582, 美洽
2583, 美洽客服
2584, 美狐美颜
2585, 美的智慧生活（上海）科技有限公司
2586, 美约
2587, 美颜effect
2588, 翼支付
2589, 翼特广告
2590, 考米
2591, 联合电服nfc充值
2592, 联想
2593, 联通
2594, 联道
2595, 聚典数据开放平台
2596, 聚合企业信息精确查询
2597, 聚合广告
2598, 聚合支付
2599, 聚合数据
2600, 聚合数据-实人认证
2601, 聚合数据-短信
2602, 聚合数据实人认证
2603, 聚合短信api服务
2604, 聚合营业执照识别
2605, 聚合身份证ocr识别
2606, 聚合身份证实名认证
2607, 聚合身份证查询
2608, 聚合银行卡四元素校验
2609, 聚水潭订单管理系统
2610, 聚美智数
2611, 聚越
2612, 聚量
2613, 腾盛支付
2614, 腾讯-AI
2615, 腾讯-DNS
2616, 腾讯-IoT
2617, 腾讯-OCR
2618, 腾讯-p2p
2619, 腾讯-健康
2620, 腾讯-内容审核
2621, 腾讯-出行
2622, 腾讯-分析
2623, 腾讯-反作弊
2624, 腾讯-反馈
2625, 腾讯-地图
2626, 腾讯-存储
2627, 腾讯-安全
2628, 腾讯-实时通信
2629, 腾讯-客服
2630, 腾讯-小程序
2631, 腾讯-广告
2632, 腾讯-性能监控
2633, 腾讯-推荐
2634, 腾讯-推送
2635, 腾讯-支付
2636, 腾讯-文档服务
2637, 腾讯-新闻资讯
2638, 腾讯-更新
2639, 腾讯-汽车交通
2640, 腾讯-游戏
2641, 腾讯-热修复
2642, 腾讯-登录分享
2643, 腾讯-直播
2644, 腾讯-短信
2645, 腾讯-网络摄像头
2646, 腾讯-网络诊断
2647, 腾讯-网页浏览
2648, 腾讯-翻译
2649, 腾讯-联运
2650, 腾讯-设备标识
2651, 腾讯-语音合成
2652, 腾讯-语音评测
2653, 腾讯-语音识别
2654, 腾讯-课程
2655, 腾讯-购物
2656, 腾讯-身份认证
2657, 腾讯-运动
2658, 腾讯-金融
2659, 腾讯-音乐
2660, 腾讯-音视频
2661, 自助注册
2662, 自研数据统计（com.meiyuan.love.util）
2663, 自行车
2664, 至信链
2665, 至真
2666, 艾瑞
2667, 芒果
2668, 芒果tv
2669, 芒果牛奶os
2670, 芝麻认证
2671, 芯盾
2672, 苏宁-小程序
2673, 苏宁-推送
2674, 苏宁-支付
2675, 苏宁-购物
2676, 苏宁-身份认证
2677, 苏州园区社保
2678, 英雄联盟战绩面板
2679, 草花
2680, 荣耀推送
2681, 莫比乌斯广告
2682, 莱商银行
2683, 获得场景
2684, 菊风
2685, 菜牛定位
2686, 萌友ota
2687, 萌图
2688, 萤石
2689, 蒂烨
2690, 蒲公英
2691, 蒲公英更新服务
2692, 蓝松
2693, 蓝松短视频
2694, 蓝牙key盾
2695, 蓝牙sim盾
2696, 蓝牙市民卡充值
2697, 蓝牙箱
2698, 蓝牙蜜盾
2699, 虎牙-登录分享
2700, 虎牙-直播
2701, 虹软
2702, 蜂助手
2703, 蜂鸟
2704, 蜻蜓fm
2705, 融云
2706, 融合广告
2707, 融易推
2708, 融聚汇行情
2709, 血压计
2710, 行吟
2711, 表情云
2712, 西域传媒
2713, 西格广告
2714, 视九盒子
2715, 视源反馈平台
2716, 视连通广告
2717, 视通
2718, 认证宝
2719, 讯卡
2720, 讯飞
2721, 讯鸟客服
2722, 记刻
2723, 证通
2724, 试乘试驾
2725, 诚立业
2726, 语雀统计
2727, 诸葛io
2728, 诺慧签
2729, 豆瓣商城
2730, 豆瓣开放平台
2731, 豌豆荚
2732, 象辑天气
2733, 豹趣小游戏
2734, 贝享广告
2735, 贝付宝
2736, 贝壳金服
2737, 贝釜优
2738, 财人汇
2739, 财付通
2740, 财付通支付
2741, 财富直播
2742, 财联社
2743, 财酷
2744, 货拉拉
2745, 贵士移动
2746, 贵宾厅服务
2747, 赋能
2748, 起码科技
2749, 超级播放器
2750, 趣变广告
2751, 趣豹小游戏
2752, 身份证识别ocr
2753, 车300
2754, 车主邦（北京）
2755, 车音
2756, 轩嗵
2757, 轩辕
2758, 转转
2759, 软智天成（成都）
2760, 轻牛健康
2761, 辞书
2762, 辽宁具光智能安全服务有限公司
2763, 辽宁博远电子保安服务有限公司
2764, 远程胎心监护系统
2765, 远鉴
2766, 连尚
2767, 连连支付
2768, 连连收款
2769, 连连银加云慧眼
2770, 透视宝
2771, 通付盾
2772, 通华财富
2773, 通卡联城
2774, 通联支付
2775, 通行证
2776, 通达信
2777, 通通锁
2778, 逸创云客服
2779, 道一循
2780, 道乐科技
2781, 道路救援
2782, 邑盟信息技术（上海）有限公司
2783, 邦盛
2784, 邦邦加解密
2785, 邯郸燃气
2786, 邻道广告
2787, 酷开支付
2788, 酷我
2789, 酷控红外
2790, 酷控遥控
2791, 酷推
2792, 酷旗
2793, 酷派-推送
2794, 酷派-支付
2795, 酷派-登录分享
2796, 酷派-设备标识
2797, 酷狗
2798, 重庆众安小额贷款有限公司
2799, 重庆傲雄在线信息技术有限公司
2800, 重庆华龙网集团股份有限公司
2801, 重庆地铁
2802, 重庆城市通卡支付有限责任公司
2803, 重庆市公安局
2804, 重庆市凤筑科技有限公司
2805, 重要权限列表
2806, 金仕达穿透监管
2807, 金华录绑定
2808, 金山-p2p
2809, 金山-文档服务
2810, 金山-登录分享
2811, 金山-直播
2812, 金山-音视频
2813, 金易联
2814, 金格office
2815, 金立
2816, 金联汇通实证
2817, 金蝶
2818, 鑫盾
2819, 鑫谷
2820, 钉钉
2821, 钧云
2822, 铠甲广告
2823, 银基-蓝牙车控
2824, 银河证券
2825, 银盛支付
2826, 银联
2827, 银银合作
2828, 锐动
2829, 长三角互联互通
2830, 长桑手表
2831, 长虹电视
2832, 闪游盒子
2833, 闪登
2834, 闲玩
2835, 阅客信息流
2836, 阅文阅读
2837, 阅盟
2838, 阳光保险集团
2839, 阿拉丁统计
2840, 阿里-AI
2841, 阿里-DNS
2842, 阿里-IoT
2843, 阿里-OCR
2844, 阿里-p2p
2845, 阿里-paas
2846, 阿里-云计算
2847, 阿里-内容审核
2848, 阿里-出行
2849, 阿里-分析
2850, 阿里-反作弊
2851, 阿里-反馈
2852, 阿里-地图
2853, 阿里-存储
2854, 阿里-安全
2855, 阿里-实时通信
2856, 阿里-客服
2857, 阿里-小程序
2858, 阿里-广告
2859, 阿里-性能监控
2860, 阿里-推送
2861, 阿里-支付
2862, 阿里-文档服务
2863, 阿里-新闻资讯
2864, 阿里-更新
2865, 阿里-汽车交通
2866, 阿里-测肤
2867, 阿里-游戏
2868, 阿里-热修复
2869, 阿里-登录分享
2870, 阿里-直播
2871, 阿里-短信
2872, 阿里-网络加速
2873, 阿里-网页浏览
2874, 阿里-美颜
2875, 阿里-翻译
2876, 阿里-联运
2877, 阿里-设备标识
2878, 阿里-评论
2879, 阿里-语音合成
2880, 阿里-语音识别
2881, 阿里-购物
2882, 阿里-身份认证
2883, 阿里-金融
2884, 阿里-链接跳转
2885, 阿里-音视频
2886, 陌陌
2887, 随申办市民云
2888, 雅丰室内地图
2889, 集奥设备指纹
2890, 雨燕一键登录
2891, 雪球
2892, 雷达
2893, 青岛市琴岛通卡股份有限公司
2894, 青桔
2895, 青泉优选
2896, 青牛
2897, 音频key
2898, 顶点
2899, 顶象
2900, 顶象设备指纹
2901, 顶象验证
2902, 顺丰
2903, 顺丰支付
2904, 风行
2905, 风行广告
2906, 风行联盟广告
2907, 飞书-广告
2908, 飞书-推送
2909, 飞书-登录分享
2910, 飞利浦电视
2911, 飞天
2912, 飞客优选
2913, 飞泉设备指纹
2914, 飞虎
2915, 飞马行情交易
2916, 飞鸽
2917, 飞鸽短信
2918, 饺子播放器
2919, 饿了么商家开发平台
2920, 首信易支付
2921, 首汽约车
2922, 马上消费金融股份有限公司
2923, 驰声
2924, 驾驶行为采集
2925, 骏聿人脸识别
2926, 高德
2927, 魅族-分析
2928, 魅族-实时通信
2929, 魅族-广告
2930, 魅族-推送
2931, 魅族-支付
2932, 魅族-登录分享
2933, 魅族-联运
2934, 魔奇广告
2935, 魔盒广告
2936, 魔窗
2937, 鸿典广告
2938, 鸿蒙手表wearengine服务
2939, 鸿路
2940, 鸿途科技广告（澳远竞达科技）
2941, 麦告聚合
2942, 麦通
2943, 麦钱包
2944, 黑头仪
2945, 鼎然信息科技api
2946, 龙支付
